StateAbbr,PlaceName,PlaceFIPS,Binge rate,Cancer rate,Diabetes rate,Mental health rate,Obesity rate,Sleep rate
AL,Birmingham,107000,11.6,5.8,16.3,16.8,41.2,41.8
AL,Hoover,135896,15.4,6.7,8.4,11.5,28.8,32.8
AL,Huntsville,137000,13.3,6.7,11.8,15.1,35.5,38.3
AL,Mobile,150000,13.6,6.5,14.2,16.3,37.5,39.7
AL,Montgomery,151000,13.2,6.1,14.2,15.8,38.4,38.1
AL,Tuscaloosa,177256,15.5,4.7,10.2,16.4,35.9,41
AK,Anchorage,203000,20.3,5.4,7.3,11,34.2,30.7
AZ,Avondale,404720,18.2,4.3,8.9,13.5,31.2,37.3
AZ,Chandler,412000,18.9,5.5,7.3,11.2,26.4,34.4
AZ,Gilbert,427400,20.5,5.2,6.2,10.9,25.7,33.6
AZ,Glendale,427820,17,5.7,9.8,14.2,30.8,37.1
AZ,Mesa,446000,17,6.9,9.4,13.5,29.2,36
AZ,Peoria,454050,17.4,7.2,8.7,12.2,27.3,34.8
AZ,Phoenix,455000,17.2,5.4,9.5,13.9,31.1,36.8
AZ,Scottsdale,465000,16.7,8.5,8.2,10.5,24.8,32.3
AZ,Surprise,471510,16.6,8,9.3,12.5,27.8,35.3
AZ,Tempe,473000,19.8,4.7,6.5,12.5,26.1,35.3
AZ,Tucson,477000,15.8,5.9,9.7,14.4,28.6,34.6
AZ,Yuma,485540,18,5.8,11.1,13.6,36.3,31.8
AR,Fayetteville,523290,18.8,4.4,6.4,14.1,28.1,34.5
AR,Fort Smith,524550,14,6.5,12.4,17.1,33.5,35.4
AR,Jonesboro,535710,15.4,6.1,9.5,15.3,33.5,32.7
AR,Little Rock,541000,15.4,6.1,11,13.3,34.1,36.4
AR,Springdale,566080,16.2,5.3,9.8,16,32.9,36.3
CA,Alameda,600562,18.1,6.2,8.3,10.1,20.2,33.7
CA,Alhambra,600884,13.4,5,11.5,10.1,17.7,38
CA,Anaheim,602000,19.3,4.9,9.9,12.6,22.9,33.7
CA,Antioch,602252,18.4,5.4,9.7,13.5,27.7,35.4
CA,Apple Valley,602364,17,7.2,11.9,14.6,30.9,38.5
CA,Bakersfield,603526,17.9,5.2,9.9,14.2,29.2,36.9
CA,Baldwin Park,603666,17.7,4.1,11.1,12.6,25.3,37.4
CA,Bellflower,604982,18.2,4.8,9.9,12.8,25.8,37.8
CA,Berkeley,606000,20.7,5.1,6,10.4,20.4,32.5
CA,Buena Park,608786,17.8,5.1,10.4,11.8,20.8,34.1
CA,Burbank,608954,19.6,6.2,8,11.3,22,34
CA,Carlsbad,611194,20.9,7.4,7.4,9.9,20.4,30.2
CA,Carson,611530,15.6,5.3,11.7,11.2,23.3,38.8
CA,Chico,613014,20.8,5.5,7.1,14.1,25.1,33.4
CA,Chino,613210,19.8,4.6,9.4,12.1,28.3,37.4
CA,Chino Hills,613214,18.1,4.8,8.5,9.5,22.4,36.1
CA,Chula Vista,613392,18.8,5.1,10.4,11.7,24.1,34.1
CA,Citrus Heights,613588,20.4,6.8,9.2,14.1,30.4,35.6
CA,Clovis,614218,18.3,6,8.8,12.5,26.2,33.4
CA,Compton,615044,17,4.2,12.7,15.6,32.7,41.4
CA,Concord,616000,19.1,6.1,8.6,12.3,24.7,33.1
CA,Corona,616350,20,4.8,9.2,12.9,27,37.6
CA,Costa Mesa,616532,22.1,5.1,7.9,12.2,22,31.7
CA,Daly City,617918,13.9,5,10.3,9.4,17.1,34.9
CA,Downey,619766,18.9,5,9.6,11.8,24.8,35.5
CA,El Cajon,621712,19.7,6.1,10.1,15,26.9,35.3
CA,Elk Grove,622020,18.4,5.3,9.1,11.4,26.5,36.3
CA,El Monte,622230,15.4,4.2,12.8,13.9,25,39.3
CA,Escondido,622804,19.7,5.8,9.8,13.6,25.4,34.5
CA,Fairfield,623182,18.4,5.5,9.4,12.7,27.9,37.4
CA,Folsom,624638,22.1,6,7.1,10.5,26.2,33.1
CA,Fontana,624680,19,4.1,10.1,13.2,30.8,38.7
CA,Fremont,626000,17.6,5,7.5,8.4,16.9,34
CA,Fresno,627000,16.1,5.1,11.2,14.8,30.2,36.5
CA,Fullerton,628000,18.8,5.4,9,11.4,20,32.7
CA,Garden Grove,629000,16.5,4.9,11.5,12.2,20,35.6
CA,Glendale,630000,17.7,6.7,9.3,12.3,22.1,34.9
CA,Hawthorne,632548,17.9,4.3,10.3,13.4,28.6,39.2
CA,Hayward,633000,19.1,4.9,9.2,11.7,24.2,36.5
CA,Hemet,633182,15.3,8.4,13.8,16.4,30.1,39.8
CA,Hesperia,633434,18.1,5.5,11.5,15.5,32.8,39.1
CA,Huntington Beach,636000,20.8,6.6,8.3,11.2,20.3,30.8
CA,Indio,636448,17.7,5.8,12.1,14.8,30.8,38.5
CA,Inglewood,636546,16.6,4.8,12.4,14,31.8,40.7
CA,Irvine,636770,19.2,4.8,6.8,9.2,15.8,31.1
CA,Lake Forest,639496,21.5,5.6,7.8,10.5,20.1,30.6
CA,Lakewood,639892,18.9,5.8,8.6,11.1,22.1,35.7
CA,Lancaster,640130,19,5,10,14.4,28.3,38.4
CA,Livermore,641992,22.5,6.1,7,10.9,23.1,32.2
CA,Long Beach,643000,18.4,5,9.4,12.7,24.9,37.1
CA,Los Angeles,644000,18.2,5,10,12.8,25.2,36.6
CA,Lynwood,644574,18,3.6,11.4,15.4,31,39.1
CA,Manteca,645484,20.7,5.6,9.5,13.7,30.8,34.9
CA,Menifee,646842,17.9,7.6,11.2,13.5,27,37.9
CA,Merced,646898,17,5,11.6,15.7,29.7,37.6
CA,Milpitas,647766,13.6,4.4,8.8,8.6,15.6,33.5
CA,Mission Viejo,648256,20.6,7.1,8.1,10.4,19.6,29.9
CA,Modesto,648354,19,6.1,10.6,14.8,25.9,36.3
CA,Moreno Valley,649270,18.8,4.3,10.7,14.5,30.7,40.5
CA,Mountain View,649670,17.6,5.3,6.6,8.8,18.7,29.5
CA,Murrieta,650076,20.4,5.8,8.5,12.5,25.5,37
CA,Napa,650258,19.1,6.8,9.1,12.7,26.3,33
CA,Newport Beach,651182,20.8,7.8,7.3,9.4,18.2,28.2
CA,Norwalk,652526,18.1,4.7,10.6,12.3,25,36.8
CA,Oakland,653000,18.3,5.3,10.2,12.4,26.8,37
CA,Oceanside,653322,20.1,6.3,9.3,12.4,23.8,33.7
CA,Ontario,653896,18.9,4.4,10.4,13.5,31.1,38.5
CA,Orange,653980,21,5.5,8.5,11.8,21.3,31.9
CA,Oxnard,654652,17,4.5,11.4,14.1,26.1,36.7
CA,Palmdale,655156,18.6,4.6,10.3,14.4,28.5,38
CA,Pasadena,656000,18.3,5.8,8.7,10.8,22.3,34.5
CA,Perris,656700,18.9,3.7,10.9,15.4,32.4,40.8
CA,Pleasanton,657792,20.4,6.4,6.8,8.9,19.8,31.1
CA,Pomona,658072,18.1,4.3,10.6,13.6,27,37.7
CA,Rancho Cucamonga,659451,20.1,5.2,8.4,11.2,26.7,36.3
CA,Redding,659920,18.6,7.6,9.8,14.7,26.7,32.5
CA,Redlands,659962,18.5,6.5,9.4,12.2,26.7,35.9
CA,Redondo Beach,660018,21.6,5.9,6.3,9.3,19.7,31.7
CA,Redwood City,660102,18.8,5.7,7.9,10.9,23.3,31.2
CA,Rialto,660466,18,4.5,11.5,14.3,33.1,39.9
CA,Richmond,660620,16.5,5.2,11.3,13.5,28.9,37
CA,Riverside,662000,19.5,4.9,9.5,13.9,27.7,38.6
CA,Roseville,662938,19.2,6.7,7.9,11.6,21.7,31.2
CA,Sacramento,664000,17.8,5.5,10.7,13.5,30.2,37.7
CA,Salinas,664224,17.8,4.4,10.9,15,27,34.8
CA,San Bernardino,665000,16.5,4.7,13,16.4,35.1,41.1
CA,San Buenaventura (Ventura),665042,18.2,6.7,9.2,12.4,23.1,33.5
CA,San Diego,666000,20.5,5.4,8.4,11.3,21.8,33.2
CA,San Francisco,667000,20.8,5.3,8.6,10.2,17.8,30.3
CA,San Jose,668000,15.7,5,8.8,10.3,20.3,32.5
CA,San Leandro,668084,16.9,6,10.2,11.4,23,36.4
CA,San Marcos,668196,20.8,5.7,8.4,12,22.9,33.2
CA,San Mateo,668252,17.4,6.3,8.4,10.4,21.3,31.5
CA,San Ramon,668378,18.7,5.3,6.5,8.6,18.5,30.6
CA,Santa Ana,669000,19,3.9,11.3,14.4,26,35.2
CA,Santa Barbara,669070,19.6,6.5,8.3,11.5,25.7,27.7
CA,Santa Clara,669084,16.6,4.9,6.9,9.1,17.5,31
CA,Santa Clarita,669088,20.8,5.7,7.5,11.3,22.4,34
CA,Santa Maria,669196,18,5,10.8,15.2,30.8,31.6
CA,Santa Monica,670000,20.3,6.6,6.8,9.8,20.3,31.6
CA,Santa Rosa,670098,19.2,6.8,8.5,13,25.2,33.9
CA,Simi Valley,672016,19,6.1,8.4,11.8,21.6,33.5
CA,South Gate,673080,18.2,4,11.5,14.4,29.4,37.2
CA,Stockton,675000,17.2,5.1,11.8,14.4,31,37.6
CA,Sunnyvale,677000,15.6,5.3,7.1,8.4,17,30.4
CA,Temecula,678120,21.3,5.3,7.9,12,25,36.4
CA,Thousand Oaks,678582,17.8,7.2,8.5,10.9,20.4,32.2
CA,Torrance,680000,16.7,6.3,8.6,9.4,17.9,34.6
CA,Tracy,680238,21.1,4.8,8.6,12.3,28.8,34.7
CA,Turlock,680812,19.8,6,9.7,14.4,24.7,35.4
CA,Tustin,680854,19.8,4.8,8.3,11.1,20.5,32.2
CA,Union City,681204,16.4,4.8,9.3,9.5,18.4,36.3
CA,Upland,681344,18.4,6.1,9.6,12,27.5,36.8
CA,Vacaville,681554,20.6,5.9,8.6,12.5,28.3,35.9
CA,Vallejo,681666,15.8,5.7,11.3,12.5,27.7,38.9
CA,Victorville,682590,18.1,4.9,11.4,15,33.5,40.3
CA,Visalia,682954,18.8,5.8,9.8,14.3,28.9,32.7
CA,Vista,682996,21,5.3,8.9,13.2,25.1,34.3
CA,West Covina,684200,16.8,5.2,10.1,10.5,21.2,36.3
CA,Westminster,684550,14.7,5.5,12.7,12,18.5,36.2
CA,Whittier,685292,19.2,5.6,9.3,11.6,24.6,34.4
CO,Arvada,803455,19.8,7.1,7,11.4,21.6,26.9
CO,Aurora,804000,16.6,5.3,8.4,12.7,27,31.3
CO,Boulder,807850,19.8,4.7,4.6,10.4,15.1,24.5
CO,Centennial,812815,17.3,6.8,6.6,9.7,21.5,26.6
CO,Colorado Springs,816000,15.8,6.2,7.1,12.6,23.2,30.2
CO,Denver,820000,24,5.4,7.1,11.4,21,28.2
CO,Fort Collins,827425,22,5,5.1,11.6,21.2,26.7
CO,Greeley,832155,16.9,5.4,7.7,13.4,30.9,29.6
CO,Lakewood,843000,19.5,6.8,7.3,11.6,21.8,27.4
CO,Longmont,845970,17.1,6.3,7.2,11.4,18.2,25.8
CO,Loveland,846465,19.4,7.2,7.1,11.9,22.9,27
CO,Pueblo,862000,14.6,6.8,11.8,14.7,31.3,35.1
CO,Thornton,877290,19.6,4.8,7,12.1,27.7,30.6
CO,Westminster,883835,20.2,5.6,6.7,11.3,24.2,28.7
CT,Bridgeport,908000,15.6,5.2,10.8,13.5,29.2,40.1
CT,Danbury,918430,18.1,5.9,7.8,11.8,23.3,35.7
CT,Hartford,937000,12.9,4.5,13.4,16,36.7,41
CT,New Britain,950370,14.4,5.7,10.7,15.1,31.6,37.3
CT,New Haven,952000,17.3,4.8,10.6,14,34.1,40.8
CT,Norwalk,955990,17.6,6.4,8.1,10.5,23.5,34.7
CT,Stamford,973000,17.4,6.3,7.9,10,22.5,34.5
CT,Waterbury,980000,15.9,6.4,12.4,15.7,35.7,40.6
DE,Wilmington,1077580,15.2,5.7,14,16.8,39.3,43.1
DC,Washington,1150000,23.5,4.9,8.4,11.1,25.5,36.7
FL,Boca Raton,1207300,15.5,8.2,8.9,11.7,21.3,36.1
FL,Boynton Beach,1207875,13.5,8,11.8,14.6,26.6,41.5
FL,Cape Coral,1210275,16.6,7.5,11.2,14.4,28.1,33.9
FL,Clearwater,1212875,17.9,8,11.2,14.9,29.1,39.5
FL,Coral Springs,1214400,18.2,5.4,8.5,12.6,24.7,36
FL,Davie,1216475,18.2,5.8,8.5,12.6,23.8,35.1
FL,Deerfield Beach,1216725,15.1,7.8,11.7,15.2,27,38.5
FL,Deltona,1217200,16.2,6.5,11.9,15.3,33.4,38.2
FL,Fort Lauderdale,1224000,16.6,6.6,10.8,14.1,27.4,37.7
FL,Gainesville,1225175,18.1,4.1,7,14.8,28.5,38.5
FL,Hialeah,1230000,13.1,5.7,17.8,15.6,34.2,34.7
FL,Hollywood,1232000,16.1,6.5,11,14.1,26.9,37.1
FL,Jacksonville,1235000,17.4,6,11.2,14.4,32.7,38.1
FL,Lakeland,1238250,14.6,7.9,13.1,15.9,34.8,36.7
FL,Largo,1239425,16.7,9.2,12.2,15.4,28.7,39.8
FL,Lauderhill,1239550,13.3,5.8,14,16.8,34,44.7
FL,Melbourne,1243975,17,7.9,11.6,15.2,30.5,36.6
FL,Miami,1245000,14.6,5.4,15.2,15,33.1,35.2
FL,Miami Beach,1245025,17.6,5.7,10.4,12.1,27.5,31.1
FL,Miami Gardens,1245060,13.7,5,14.7,16.3,37.5,41.3
FL,Miramar,1245975,16.9,4.4,9.8,12.4,28,38.9
FL,Orlando,1253000,17.1,5,10,14,29.9,37.1
FL,Palm Bay,1254000,17.2,7,11.9,15.5,32.7,37.9
FL,Palm Coast,1254200,14.8,8.5,12.4,15.2,29.4,36.2
FL,Pembroke Pines,1255775,16.3,6.3,10.5,11.9,24.8,36.1
FL,Plantation,1257425,17.5,6.4,8.8,12,24,35.5
FL,Pompano Beach,1258050,15.1,7.3,11.9,15.6,28.3,39.3
FL,Port St. Lucie,1258715,16.3,7,11.1,14.6,31.8,37.6
FL,St. Petersburg,1263000,18.6,7.2,10.9,14.4,29.8,40.3
FL,Sunrise,1269700,15.7,6.4,11.2,13.7,26.9,38.5
FL,Tallahassee,1270600,18.4,4.3,7,13.7,30.9,34.2
FL,Tampa,1271000,17.5,5.7,10.6,14.8,30.7,35.5
FL,West Palm Beach,1276600,14.4,6.5,11.6,14.3,27.4,41.3
GA,Albany,1301052,11.9,5.7,14.9,16.2,40.6,47.5
GA,Athens,1303440,16.1,4.3,8.3,14.3,29.3,38.6
GA,Atlanta,1304000,18.4,4.9,10.3,12,29.9,38.3
GA,Augusta,1304204,14.1,5.7,13.4,14.9,37.8,42.8
GA,Columbus,1319000,14.5,5.8,12.6,14.3,37.7,41.6
GA,Johns Creek,1342425,18.4,5.6,7.1,8.5,20.7,32.1
GA,Macon,1349000,11.6,6,16.3,16.6,41.3,44.1
GA,Roswell,1367284,19.4,6.3,7.6,10.1,24.4,32.2
GA,Sandy Springs,1368516,19.5,5.9,7,10,24.1,32.8
GA,Savannah,1369000,14.6,5.5,12.1,14,35.9,41.9
GA,Warner Robins,1380508,15,5.4,10.9,14.3,38.2,38.7
HI,Honolulu,15003,19.3,5.4,11.2,10.5,23.4,47.4
ID,Boise City,1608830,16.8,6.2,7.4,11.9,27.7,27.8
ID,Meridian,1652120,17.7,5.9,6.8,11.6,27.9,27.5
ID,Nampa,1656260,14.8,6,9.4,14,35.9,32.9
IL,Arlington Heights,1702154,22.4,7.7,7.9,9.9,24,29.9
IL,Aurora,1703012,20.3,4.7,9.6,12.8,32.7,34
IL,Bloomington,1706613,20.7,6,8.4,11.9,32.2,33.1
IL,Bolingbrook,1707133,20.4,4.8,9.4,11.3,33.7,33.6
IL,Champaign,1712385,21.4,4.3,6.7,12.2,33.6,30.6
IL,Chicago,1714000,21.5,5,11,12.7,32.3,35.9
IL,Cicero,1714351,21.7,3.9,11.4,14.4,35.1,35.6
IL,Decatur,1718823,16.9,7.5,12.4,15.4,37.8,35.5
IL,Elgin,1723074,21,5.3,9.6,12.6,31,33.9
IL,Evanston,1724582,23.2,5.8,7.3,10.1,24.9,31.4
IL,Joliet,1738570,20.9,5.3,10,13.6,36.8,34.2
IL,Naperville,1751622,20.3,6,7.5,9.3,27.1,29.5
IL,Palatine,1757225,23.9,5.9,7.5,10.4,25.4,30.8
IL,Peoria,1759000,18.4,6.5,10.9,13.9,36.4,34.2
IL,Rockford,1765000,18.3,6.8,12.2,15.2,35.2,39.3
IL,Schaumburg,1768003,22.9,6.1,7.6,9.9,23.4,31.4
IL,Springfield,1772000,19,7.1,10.7,13.8,34.7,34.7
IL,Waukegan,1779293,18.1,4.7,12,14.4,35.2,37.5
IN,Bloomington,1805860,19.1,3.8,5.9,15.1,25.6,33.8
IN,Carmel,1810342,17.8,6.8,8.2,9.9,26.8,29.3
IN,Evansville,1822000,17.1,6.9,12.1,17.8,35.7,36.9
IN,Fishers,1823278,20.7,5.2,6.4,10.1,27.7,29.7
IN,Fort Wayne,1825000,16.8,6.4,11.2,15.6,35,32.9
IN,Gary,1827000,11.7,6.2,22.6,18.4,49.3,48.8
IN,Hammond,1831000,16.8,5.7,14,16.3,39.1,41.1
IN,Indianapolis,1836003,17.6,5.7,11.7,14.8,35.4,36.3
IN,Lafayette,1840788,19,6.1,10.2,16.4,35.2,34.5
IN,Muncie,1851876,15.4,5.7,10.6,17.9,35.6,37.8
IN,South Bend,1871000,16.9,6.5,12.5,16.7,37.9,40.8
IA,Cedar Rapids,1912000,21,6.9,8.5,11.8,33.9,28.4
IA,Davenport,1919000,20.5,6.5,10,12.8,37.8,30.6
IA,Des Moines,1921000,19.5,5.7,9.7,13.3,38.8,32.7
IA,Iowa City,1938595,23.6,4.4,5.9,11.2,29.4,27.5
IA,Sioux City,1973335,19.1,6.6,9.7,13.4,35.1,29.3
IA,Waterloo,1982425,21.7,6.9,10.6,13.2,36,30.4
KS,Kansas City,2036000,17.3,5.7,13.5,14.9,39.8,36.9
KS,Lawrence,2038900,23.3,4.5,6.4,11.9,26.9,29.6
KS,Olathe,2052575,21.1,5.4,7.2,9.9,28.5,26.7
KS,Overland Park,2053775,19.4,6.7,7.8,8.9,26.6,25.6
KS,Topeka,2071000,16.4,6.9,11.5,13.2,37.5,33.1
KS,Wichita,2079000,15.5,6.3,11.5,13.8,33.9,35.6
KY,Lexington,2146027,19.5,5.7,9.7,14.3,30.3,39.2
KY,Louisville,2148006,18.3,6.6,12,14.9,34.5,38
LA,Baton Rouge,2205000,19.4,5.5,12.2,16.6,35.7,38.6
LA,Kenner,2239475,19,6.3,12.6,15,36,38.6
LA,Lafayette,2240735,19.3,6,11,15.8,32.6,37.7
LA,Lake Charles,2241155,16.8,6.5,13.9,16.6,37,42.1
LA,New Orleans,2255000,20.9,5.5,13.3,15.5,35.4,40.8
LA,Shreveport,2270000,16.5,6.3,14.7,17.5,40.3,38.6
ME,Portland,2360545,20,6.5,7.4,12.9,23.6,31.6
MD,Baltimore,2404000,17.3,5.6,12.6,15.7,38.7,43.2
MA,Boston,2507000,22.6,4.8,8.8,13.7,24.6,36
MA,Brockton,2509000,17.5,6.4,11.5,15.9,34.1,44.4
MA,Cambridge,2511000,23.4,4.6,5.2,10.2,20.9,31.8
MA,Fall River,2523000,17.9,7.1,11.1,17.8,32.6,40.3
MA,Lawrence,2534550,16.5,4.8,12.9,15.7,33.7,40.2
MA,Lowell,2537000,18.8,5.4,9.5,14.9,26.9,36.6
MA,Lynn,2537490,17.5,6.1,10.8,14.5,30,39.7
MA,New Bedford,2545000,17.5,7,11.6,17.7,33.4,40.8
MA,Newton,2545560,20.4,7.4,6.7,9.5,20.5,29.8
MA,Quincy,2555745,17.8,6.5,9.4,12.1,22.6,34.4
MA,Somerville,2562535,24.5,4.7,5.4,11.3,22.5,32.1
MA,Springfield,2567000,17.4,5.7,12.4,17.4,35,39.2
MA,Worcester,2582000,19.4,5.8,9.7,15.4,30.1,38.6
MI,Ann Arbor,2603000,20,4.7,5.5,11.4,26.1,31.1
MI,Dearborn,2621000,18.8,6.9,10.5,17.4,31.6,39.7
MI,Detroit,2622000,13.4,5.7,18.3,18.7,44.5,50.1
MI,Farmington Hills,2627440,17.5,7.8,9.3,11,25.5,33.8
MI,Flint,2629000,14.4,5.9,17.2,19.6,47.8,48.8
MI,Grand Rapids,2634000,19.5,5.8,9.7,14.9,33.2,36.5
MI,Kalamazoo,2642160,20.9,5,9,16.5,32.5,39.4
MI,Lansing,2646000,19.3,5.6,11.2,16.3,35.1,39.7
MI,Livonia,2649000,19.7,8.3,9.1,12.5,26.5,36.4
MI,Rochester Hills,2669035,19,7.5,8.2,10.7,23.8,32.1
MI,Southfield,2674900,14.6,7.3,13.7,12.8,34.2,40.4
MI,Sterling Heights,2676460,20,7.6,10.4,14.7,31.9,37.6
MI,Troy,2680700,18.1,7.3,8.6,10.1,22.7,32.5
MI,Warren,2684000,18.9,7.7,11.7,16.6,35,39.9
MI,Westland,2686000,19.1,7,10.2,15.2,31,40.4
MI,Wyoming,2688940,20.7,5.7,9.1,15,32.7,35.6
MN,Bloomington,2706616,20.9,7.7,7.5,9.6,24,28.4
MN,Brooklyn Park,2707966,21.3,5.2,7.3,10.3,26.5,31.6
MN,Duluth,2717000,23.5,6.5,7.6,12,26.9,33.3
MN,Minneapolis,2743000,23.4,4.8,6.5,10.7,26.5,30
MN,Plymouth,2751730,22.9,6.7,6.1,8.3,22.8,26.7
MN,Rochester,2754880,18.8,6.5,7.7,10.1,29.7,31.4
MN,St. Paul,2758000,20.6,5.4,8.1,12,27.6,30.4
MS,Gulfport,2829700,15.5,6,12.6,15.8,36.6,38.2
MS,Jackson,2836000,12.5,5.4,14.5,15.8,38.3,40.6
MO,Columbia,2915670,22.7,4.8,6.8,13.5,28.3,32.1
MO,Independence,2935000,20.4,7.6,10.7,15.5,31.8,37
MO,Kansas City,2938000,19.7,6,11,14.2,35.5,38.2
MO,Lee's Summit,2941348,23,6.9,7.9,11.8,28.2,33.7
MO,O'Fallon,2954074,21.9,6,7.2,11.9,29.5,32.6
MO,St. Joseph,2964550,17.8,6.8,10.3,15.9,34.4,35.3
MO,St. Louis,2965000,19.3,5.6,12,14.9,35.5,37.7
MO,Springfield,2970000,17.9,6.5,9.8,16.1,31.8,33.5
MT,Billings,3006550,22,7.3,7.6,12.7,26,31
MT,Missoula,3050200,25.5,5.7,6,12.4,22.8,28.5
NE,Lincoln,3128000,24.7,5.9,7.8,10.9,30.1,28.3
NE,Omaha,3137000,21,6,10.1,12.1,33.4,31.8
NV,Henderson,3231900,18.8,6.8,9.6,12.3,24.9,38.2
NV,Las Vegas,3240000,17.9,6,11.2,13.9,28.2,40.5
NV,North Las Vegas,3251800,18.6,4.6,10.8,14.4,29.8,42.3
NV,Reno,3260600,22.4,5.9,8.2,14,24.2,33.7
NV,Sparks,3268400,22.3,6.1,8.5,14,24.5,33.8
NH,Manchester,3345140,18.2,6.6,9.1,14,31.1,36
NH,Nashua,3350260,17.9,6.9,9,12.8,29.6,35.1
NJ,Camden,3410000,14.6,4.3,17.4,18.9,43.6,49.6
NJ,Clifton,3413690,17.5,6.4,10.3,12.7,22.9,36.9
NJ,Elizabeth,3421000,16.6,4.8,12.4,15.9,33.1,43.5
NJ,Jersey City,3436000,17.2,4.3,10.6,12.6,27.3,43
NJ,Newark,3451000,15.2,4.5,14.5,16.4,38.7,48.9
NJ,Passaic,3456550,15.3,4.3,14.7,17.4,31.5,41.2
NJ,Paterson,3457000,14.7,4.5,15.6,17,33,43.1
NJ,Trenton,3474000,16.1,4.7,14.4,17.4,38.6,45.2
NJ,Union City,3474630,17.2,4.5,14,15.1,33.6,42
NM,Albuquerque,3502000,16,6,8.7,14.2,26.9,32.4
NM,Las Cruces,3539380,16.1,5.9,10.5,14.2,27.5,32.2
NM,Rio Rancho,3563460,18.6,6.1,8.3,13.2,27,31.3
NM,Santa Fe,3570500,15,7.2,9.3,12.2,20,27.8
NY,Albany,3601000,19.3,5.3,9.3,14.6,28.5,38.7
NY,Buffalo,3611000,19.3,5.7,13,16.3,35.1,42.7
NY,Mount Vernon,3649121,15.2,5.9,12.9,14.1,31.9,41.3
NY,New Rochelle,3650617,17.4,6.5,10,12.4,25.3,35.5
NY,New York,3651000,18.2,5.4,10.9,12.9,24.4,39.9
NY,Rochester,3663000,17,5.1,12.4,16.8,36.3,39.7
NY,Schenectady,3665508,18.6,6,10.5,15.8,32.4,41.2
NY,Syracuse,3673000,18.5,5.5,10.9,17.2,33,40.4
NY,Yonkers,3684000,16.6,6.3,11.1,13.6,27.1,36.7
NC,Asheville,3702140,18,7.1,9.2,12.8,27.4,30.8
NC,Cary,3710740,18.6,5.8,7.4,9.6,26.1,29.3
NC,Charlotte,3712000,17.7,5.2,9.4,12.5,32.4,32.8
NC,Concord,3714100,17.6,6.1,9.4,13.3,31.7,32.4
NC,Durham,3719000,16.6,5,9.1,12.6,31.3,34
NC,Fayetteville,3722920,15.4,5.2,10.5,14.3,34.2,38.5
NC,Gastonia,3725580,14.3,6.8,11.9,15.4,33,37.6
NC,Greensboro,3728000,16.3,5.8,10.1,13.5,33,35.8
NC,Greenville,3728080,17.7,4.4,8,14.2,32,39.2
NC,High Point,3731400,15.7,6.3,11.2,14.3,33.5,36.1
NC,Jacksonville,3734200,23.8,3.3,6,14.1,28.4,38.9
NC,Raleigh,3755000,18.8,4.9,8.2,11.8,30.7,32.7
NC,Wilmington,3774440,18.9,6.3,9,14.2,30.3,32.4
NC,Winston-Salem,3775000,14.4,6.1,11.3,14.3,33.8,36.2
ND,Fargo,3825700,25.4,5.4,7,10.7,29.6,27.6
OH,Akron,3901000,16.7,6.3,13.9,16.8,37.4,43.4
OH,Canton,3912000,15.1,6.6,14.3,17.6,42.2,42.4
OH,Cincinnati,3915000,18.5,5.4,13,16,36.4,42.9
OH,Cleveland,3916000,16.8,6.1,17,18.2,41,42.6
OH,Columbus,3918000,20.7,5.1,10.2,15,34.5,38.9
OH,Dayton,3921000,15.6,5.9,15.6,17.8,41.7,45.2
OH,Parma,3961000,21.4,8.1,10.4,14.3,29.1,34.8
OH,Toledo,3977000,18.3,6,14.1,16.8,42.9,43.3
OH,Youngstown,3988000,12.9,6.8,18.3,18.8,45.1,46
OK,Broken Arrow,4009050,16.3,6.4,9.2,13.7,32.8,31.5
OK,Edmond,4023200,16.5,6.3,8.4,12.6,28.3,30.2
OK,Lawton,4041850,14.5,5.2,10.5,15.8,37.5,34.9
OK,Norman,4052500,15.4,5.4,8,14.2,32.2,34
OK,Oklahoma City,4055000,14.5,6.1,11.6,15.4,34.2,34.3
OK,Tulsa,4075000,14.5,6.4,11.6,16,36.1,34.1
OR,Beaverton,4105350,16.5,5.9,7.5,12.4,27.6,31
OR,Bend,4105800,19.9,6.8,7.3,13,26.5,29.7
OR,Eugene,4123850,17.8,6.3,7.2,15.1,26.9,30.6
OR,Gresham,4131250,19.8,6.1,8.9,16.3,27.7,32.3
OR,Hillsboro,4134100,17.7,5.2,7,12.8,28.2,31.3
OR,Medford,4147000,17.5,7.5,9.7,16.4,27.1,34.5
OR,Portland,4159000,21,5.8,7.4,13.6,25.1,30.4
OR,Salem,4164900,16.3,6.5,9.6,15.3,31.1,32.8
PA,Allentown,4202000,17.2,6,12.8,17,38.7,39.4
PA,Bethlehem,4206088,18.7,6.9,10.4,14.9,32.9,38.3
PA,Erie,4224000,20.2,6.4,11.3,17.7,35.6,42.8
PA,Philadelphia,4260000,20.3,5.8,12.9,16.1,33,42.6
PA,Pittsburgh,4261000,21.3,5.9,9.6,13.9,29.7,40.4
PA,Reading,4263624,16.1,5.2,14.5,18.9,42.5,45.4
PA,Scranton,4269000,19.2,7.3,11.3,16.7,34.8,37.5
RI,Cranston,4419180,18.5,7.5,9.3,13.9,29.5,38.3
RI,Pawtucket,4454640,17.5,6.7,10.9,16.9,34.1,41.4
RI,Providence,4459000,17.9,4.9,10,16.2,32.8,41.6
RI,Warwick,4474300,17.3,8.1,9.2,15,31,36.3
SC,Charleston,4513330,22.2,5.9,9.4,12.7,28.6,33.2
SC,Columbia,4516000,19.1,4.5,9.9,14.8,32.8,38.5
SC,Mount Pleasant,4548535,22.8,7.1,8.2,10.8,25.9,29.2
SC,North Charleston,4550875,18.9,5.1,12.7,16,36.6,38.8
SC,Rock Hill,4561405,16,5.7,11.2,14.9,34.3,40.9
SD,Rapid City,4652980,17.3,7.1,10,11.4,34.2,27
SD,Sioux Falls,4659020,18.9,6.1,8,10.5,31.2,27.1
TN,Chattanooga,4714000,14.9,6.7,13.7,15.6,33.2,40.3
TN,Clarksville,4715160,16.1,4.9,9.3,14.9,32.9,41.3
TN,Knoxville,4740000,14.7,6.1,10.7,16.1,32.1,37.4
TN,Memphis,4748000,12.1,5.6,14.3,15.8,38.4,41.1
TN,Murfreesboro,4751560,16.4,5,8.4,13.5,33.2,37.7
TN,Nashville,4752006,15.4,5.7,10.5,13.8,31.1,39.4
TX,Abilene,4801000,19.5,5.9,10.9,14.4,33.1,33.9
TX,Allen,4801924,19.7,5,7.6,10.2,28.6,31.8
TX,Amarillo,4803000,18,6.3,11.6,14.4,35.1,34.2
TX,Arlington,4804000,17.6,5,10.4,13.3,34.2,36.3
TX,Austin,4805000,24,4.4,7.7,11.6,25.7,29.1
TX,Baytown,4806128,19.5,5.6,11.9,14.3,34.4,35.1
TX,Beaumont,4807000,16.5,5.9,13.9,14.5,38.3,38.1
TX,Brownsville,4810768,15.5,4.8,17.4,14.9,41,35
TX,Bryan,4810912,17.1,4.9,10.5,14.6,32.6,36.8
TX,Carrollton,4813024,18.9,5.2,10,12,30,31.3
TX,College Station,4815976,20.5,2.9,4.8,12.4,24.6,34.2
TX,Corpus Christi,4817000,18.8,5.6,13.9,13.4,34.6,34.1
TX,Dallas,4819000,17.8,4.9,12,14.1,34.8,34.3
TX,Denton,4819972,21.4,4.7,7.9,13.4,30.5,31.3
TX,Edinburg,4822660,17.5,3.9,13.4,13.6,41.6,32.8
TX,El Paso,4824000,16.7,4.9,14.9,13.2,35.3,36.9
TX,Fort Worth,4827000,17.8,4.9,11.3,13.9,35.7,36.6
TX,Frisco,4827684,21.4,4.8,6.8,9.8,28.1,29.9
TX,Garland,4829000,17.2,5.3,11.8,13.9,32.3,33.7
TX,Grand Prairie,4830464,18.3,4.6,10.7,13.2,33.3,34.5
TX,Houston,4835000,19.1,4.9,12,13.4,34.1,35.5
TX,Irving,4837000,18.5,4.3,9.8,12.8,30.1,32.8
TX,Killeen,4839148,20.6,3.9,9.7,13.9,37.2,39.2
TX,Laredo,4841464,16.3,4.2,15.7,15.1,42.1,35
TX,League City,4841980,23.6,5.3,8,11.2,31.4,33.7
TX,Lewisville,4842508,21.7,4.6,8.5,12.5,31.2,31.3
TX,Longview,4843888,17,6.5,12.5,15.1,36.1,35.7
TX,Lubbock,4845000,19.1,5.3,10.2,14.1,33.4,35.6
TX,McAllen,4845384,16,5,15.5,13.3,41.5,32.5
TX,McKinney,4845744,20.2,5.2,8.1,11.3,30.9,32.4
TX,Mesquite,4847892,18,5.3,11.2,14.4,33.8,34.1
TX,Midland,4848072,19.8,6,10.4,12.5,32.7,32.7
TX,Mission,4848768,16.2,5.2,15.1,13.7,41.4,32.6
TX,Missouri City,4848804,16.1,5.4,11.7,10.5,31.3,34.8
TX,Odessa,4853388,18.5,5.6,11.8,13.7,35.1,32.9
TX,Pasadena,4856000,19.8,5,11.7,14.4,34.2,34.2
TX,Pearland,4856348,18.8,5.2,8.6,10.4,30,31.3
TX,Pharr,4857200,15.5,4.7,16.5,15.4,44.4,34.3
TX,Plano,4858016,18.2,5.6,8.6,9.9,27.6,31.9
TX,Richardson,4861796,18.1,6.1,9.1,10.7,26.4,30.9
TX,Round Rock,4863500,20.9,4.6,8.4,11.8,30.5,33
TX,San Angelo,4864472,19,6.1,11.3,13.4,34.3,34.9
TX,San Antonio,4865000,19,5.3,13.1,13.6,34.5,35
TX,Sugar Land,4870808,15.8,5.8,10.4,9,23.7,31.8
TX,Tyler,4874144,16.6,6.5,12.4,14.4,34.7,36
TX,Waco,4876000,17.1,5.4,12.1,15.8,36.7,35.7
TX,Wichita Falls,4879000,18,5.9,11.7,14.5,37.5,38.9
UT,Layton,4943660,11.5,5.3,7.5,11.9,27.5,30.8
UT,Ogden,4955980,11.7,5.3,9,15.1,33.8,34.2
UT,Orem,4957300,7.8,5.1,6.5,11.7,25.4,30.7
UT,Provo,4962470,7.9,3.4,4.6,12.6,24.6,31.4
UT,St. George,4965330,9.7,7.9,9.2,13,25,32.4
UT,Salt Lake City,4967000,15,5.2,7.2,11.9,26.1,30.3
UT,Sandy,4967440,15.4,6.1,6.9,10.9,24.8,28.9
UT,West Jordan,4982950,16.6,4.6,6.2,12.1,26.5,30.4
UT,West Valley City,4983470,14.3,4.8,8.6,13.9,29.4,32.8
VT,Burlington,5010675,20.8,4.7,5.5,13.7,23.5,29.6
VA,Alexandria,5101000,19.7,5.2,7.6,10.6,27.7,30.9
VA,Chesapeake,5116000,17.1,6.2,10.7,12.6,35.6,37.8
VA,Hampton,5135000,16.4,6,13,13.5,38.6,43.3
VA,Lynchburg,5147672,16.7,6.1,10.7,14.6,34.2,38
VA,Newport News,5156000,18.2,5.6,11.4,13.7,34.9,38.2
VA,Norfolk,5157000,19.4,5,10.9,13.8,33.5,41.7
VA,Portsmouth,5164000,15.2,6.3,13.4,14.2,39,45.2
VA,Richmond,5167000,19.3,5.3,12.2,14.3,33.6,39.4
VA,Roanoke,5168000,15.9,6.9,12.5,15.3,36.3,39.8
VA,Suffolk,5176432,16.1,6.3,11.9,13.1,34.3,41.2
VA,Virginia Beach,5182000,19.6,6,8.8,11.7,28.4,37.3
WA,Auburn,5303180,17.5,6,8.3,14.5,25.3,32.5
WA,Bellevue,5305210,16.1,6.5,6.8,9.6,18,28.5
WA,Bellingham,5305280,20.4,5.9,7.4,13.7,29.1,31.1
WA,Everett,5322640,18,5.9,8.9,14.1,31.3,37.3
WA,Federal Way,5323515,16.5,5.8,8.7,13.7,24.2,32.6
WA,Kennewick,5335275,17,6.3,9,15,33.4,33.8
WA,Kent,5335415,16.6,5.4,8.6,14.5,25.1,33.1
WA,Renton,5357745,16.7,5.5,7.8,12.2,22.2,31.7
WA,Seattle,5363000,18.5,5.6,6.5,11.2,20.8,29.1
WA,Spokane,5367000,16.4,6.8,8.8,15.2,29.3,32.7
WA,Spokane Valley,5367167,16.5,7.3,8.8,14.6,28.9,32.2
WA,Tacoma,5370000,16.8,6.2,10.3,14.8,30.8,37.9
WA,Vancouver,5374060,16.9,6.5,9.6,14,33.9,32.4
WA,Yakima,5380010,14.4,6.5,11.8,16.1,36.8,33.8
WV,Charleston,5414600,11.8,7.4,14.7,16.5,38.7,40.3
WI,Appleton,5502375,25.5,6.3,7.9,12.1,31.9,29.7
WI,Green Bay,5531000,25.5,6.2,8.6,13.3,34.6,36
WI,Kenosha,5539225,25,6,8.4,13.1,32.8,34.7
WI,Madison,5548000,27.6,5.2,5.8,10.8,26,29.3
WI,Milwaukee,5553000,23,5.1,9.9,15.3,35,39.2
WI,Racine,5566000,23.4,6.1,9.9,13.9,39.9,39.8
WI,Waukesha,5584250,24.4,6.1,7.1,11.7,31.2,33.2
WY,Cheyenne,5613900,16.9,6.8,8.7,11.6,29.2,33.4
